CustomerID,Gender,Age,ServiceLength (months),ContractType,MonthlyCharges (USD),TotalCharges (USD),Churn
1001,Male,19,48,One-Year,64.08,3075.84,Yes
1002,Male,61,48,Month-to-Month,35.65,1711.2,No
1003,Male,19,6,Two-Year,61.88,371.28,Yes
1004,Male,63,42,Month-to-Month,118.09,4959.78,Yes
1005,Female,55,18,Two-Year,156.59,2818.62,Yes
1006,Female,39,18,Two-Year,58.76,1057.68,No
1007,Male,23,25,Two-Year,84.62,2115.5,No
1008,Female,20,47,One-Year,116.52,5476.44,No
1009,Male,53,19,Month-to-Month,131.33,2495.27,No
1010,Male,63,5,Two-Year,139.03,695.15,No
1011,Male,32,56,Two-Year,88.42,4951.52,No
1012,Female,28,24,One-Year,57.71,1385.04,No
1013,Male,56,41,Two-Year,116.15,4762.15,Yes
1014,Male,47,25,One-Year,198.11,4952.75,Yes
1015,Female,21,15,Two-Year,164.91,2473.65,No
1016,Female,22,14,Month-to-Month,177.75,2488.5,No
1017,Male,59,32,One-Year,179.24,5735.68,No
1018,Male,34,9,Two-Year,154.1,1386.9,No
1019,Female,55,26,One-Year,59.48,1546.48,Yes
1020,Female,23,49,Two-Year,175.0,8575.0,Yes
1021,Male,61,28,Month-to-Month,31.43,880.04,No
1022,Female,51,17,Month-to-Month,174.94,2973.98,Yes
1023,Male,61,57,Month-to-Month,155.16,8844.12,No
1024,Male,36,28,Two-Year,101.67,2846.76,No
1025,Male,50,59,Two-Year,176.69,10424.71,No
1026,Male,27,24,Two-Year,117.09,2810.16,Yes
1027,Female,49,2,Two-Year,187.24,374.48,No
1028,Male,21,16,Month-to-Month,190.45,3047.2,Yes
1029,Female,22,49,Month-to-Month,157.85,7734.65,Yes
1030,Female,53,11,One-Year,114.98,1264.78,No
1031,Male,52,49,Month-to-Month,144.18,7064.82,No
1032,Female,60,42,One-Year,98.86,4152.12,No
1033,Male,33,15,Two-Year,80.86,1212.9,Yes
1034,Male,18,5,Month-to-Month,133.6,668.0,Yes
1035,Male,20,56,One-Year,32.75,1834.0,Yes
1036,Female,60,32,Two-Year,117.06,3745.92,No
1037,Male,48,52,One-Year,54.27,2822.04,Yes
1038,Female,40,28,One-Year,104.06,2913.68,Yes
1039,Male,21,26,Month-to-Month,81.07,2107.82,Yes
1040,Male,30,13,Month-to-Month,100.75,1309.75,No
1041,Male,35,30,Two-Year,177.41,5322.3,Yes
1042,Female,53,7,Two-Year,137.39,961.73,Yes
1043,Male,33,11,One-Year,107.42,1181.62,Yes
1044,Female,21,11,One-Year,20.39,224.29,No
1045,Female,47,19,One-Year,145.39,2762.41,No
1046,Male,30,19,Two-Year,194.37,3693.03,Yes
1047,Female,21,4,Month-to-Month,105.82,423.28,Yes
1048,Male,50,6,Two-Year,32.33,193.98,Yes
1049,Male,43,8,Month-to-Month,64.32,514.56,Yes
1050,Male,44,43,Month-to-Month,121.74,5234.82,No
1051,Female,31,43,Month-to-Month,76.55,3291.65,No
1052,Female,26,43,Month-to-Month,74.0,3182.0,No
1053,Male,18,30,Month-to-Month,199.72,5991.6,Yes
1054,Male,52,14,Month-to-Month,67.74,948.36,No
1055,Male,33,24,One-Year,48.39,1161.36,No
1056,Male,60,53,Month-to-Month,73.89,3916.17,Yes
1057,Male,34,8,Two-Year,153.64,1229.12,Yes
1058,Female,36,39,Two-Year,149.17,5817.63,Yes
1059,Female,50,32,One-Year,182.96,5854.72,Yes
1060,Male,58,28,One-Year,27.94,782.32,No
1061,Male,58,17,Two-Year,153.42,2608.14,No
1062,Male,25,5,Month-to-Month,182.71,913.55,Yes
1063,Female,55,36,Two-Year,97.36,3504.96,Yes
1064,Female,41,58,Two-Year,181.81,10544.98,Yes
1065,Male,60,7,One-Year,160.42,1122.94,No
1066,Male,33,56,Two-Year,195.72,10960.32,Yes
1067,Female,19,12,Month-to-Month,186.41,2236.92,No
1068,Male,35,11,Month-to-Month,39.46,434.06,Yes
1069,Female,32,13,One-Year,82.94,1078.22,Yes
1070,Male,19,43,Two-Year,91.72,3943.96,No
1071,Male,35,23,Month-to-Month,111.69,2568.87,No
1072,Male,25,57,One-Year,52.14,2971.98,No
1073,Male,24,39,One-Year,82.22,3206.58,No
1074,Female,56,33,Two-Year,89.34,2948.22,Yes
1075,Female,20,46,One-Year,20.3,933.8,Yes
1076,Female,45,5,Month-to-Month,185.74,928.7,No
1077,Male,64,58,One-Year,111.28,6454.24,No
1078,Female,43,45,One-Year,119.79,5390.55,Yes
1079,Female,60,25,Month-to-Month,154.66,3866.5,Yes
1080,Female,43,36,Two-Year,74.7,2689.2,Yes
1081,Female,55,39,Month-to-Month,78.0,3042.0,No
1082,Female,61,14,Month-to-Month,105.17,1472.38,Yes
1083,Male,36,33,Month-to-Month,133.93,4419.69,No
1084,Male,33,44,One-Year,60.44,2659.36,Yes
1085,Male,19,3,Two-Year,197.11,591.33,Yes
1086,Female,44,57,Month-to-Month,123.62,7046.34,No
1087,Female,43,16,Two-Year,138.09,2209.44,Yes
1088,Male,45,15,Two-Year,164.74,2471.1,No
1089,Male,53,16,Two-Year,102.16,1634.56,No
1090,Female,46,40,Month-to-Month,180.56,7222.4,No
1091,Female,28,48,One-Year,101.01,4848.48,Yes
1092,Female,51,32,Month-to-Month,63.06,2017.92,No
1093,Male,63,19,Two-Year,68.91,1309.29,No
1094,Male,26,10,Two-Year,88.95,889.5,Yes
1095,Male,22,27,One-Year,79.56,2148.12,No
1096,Female,21,14,One-Year,90.11,1261.54,Yes
1097,Female,48,1,One-Year,73.75,73.75,No
1098,Female,52,48,Month-to-Month,118.3,5678.4,Yes
1099,Female,32,18,One-Year,107.42,1933.56,No
1100,Female,60,44,One-Year,150.35,6615.4,No
1101,Male,57,35,Two-Year,183.25,6413.75,Yes
1102,Male,59,28,Two-Year,176.03,4928.84,Yes
1103,Male,34,25,One-Year,58.1,1452.5,No
1104,Female,42,18,One-Year,65.41,1177.38,Yes
1105,Female,19,48,Month-to-Month,29.38,1410.24,No
1106,Male,59,5,Month-to-Month,27.25,136.25,Yes
1107,Male,30,54,Two-Year,131.84,7119.36,Yes
1108,Male,48,43,Two-Year,121.51,5224.93,Yes
1109,Female,62,17,One-Year,50.2,853.4,Yes
1110,Male,37,7,Month-to-Month,24.62,172.34,No
1111,Female,43,46,Two-Year,33.68,1549.28,Yes
1112,Male,62,50,One-Year,173.05,8652.5,Yes
1113,Male,40,35,One-Year,139.07,4867.45,Yes
1114,Female,18,55,One-Year,168.02,9241.1,Yes
1115,Female,41,41,One-Year,147.32,6040.12,No
1116,Male,64,34,Month-to-Month,68.61,2332.74,No
1117,Female,45,53,Month-to-Month,126.65,6712.45,No
1118,Male,23,18,One-Year,63.9,1150.2,No
1119,Female,39,2,One-Year,173.17,346.34,Yes
1120,Female,31,23,One-Year,81.26,1868.98,No
1121,Male,51,13,Two-Year,63.44,824.72,No
1122,Female,53,49,Two-Year,144.31,7071.19,No
1123,Female,19,6,One-Year,59.89,359.34,Yes
1124,Female,60,38,One-Year,105.19,3997.22,No
1125,Female,65,36,One-Year,83.33,2999.88,No
1126,Female,37,17,Two-Year,41.72,709.24,Yes
1127,Female,25,48,Month-to-Month,191.16,9175.68,Yes
1128,Male,31,48,One-Year,69.77,3348.96,No
1129,Male,30,19,Two-Year,84.96,1614.24,No
1130,Male,63,35,Two-Year,69.38,2428.3,Yes
1131,Female,62,9,Month-to-Month,176.32,1586.88,No
1132,Male,18,37,One-Year,104.49,3866.13,No
1133,Female,29,4,One-Year,189.39,757.56,No
1134,Male,22,26,One-Year,33.33,866.58,Yes
1135,Male,27,52,Month-to-Month,190.84,9923.68,Yes
1136,Male,25,36,One-Year,129.14,4649.04,Yes
1137,Female,46,59,One-Year,73.52,4337.68,No
1138,Female,54,40,Two-Year,129.73,5189.2,Yes
1139,Male,58,14,One-Year,138.88,1944.32,Yes
1140,Male,29,36,Two-Year,48.18,1734.48,No
1141,Female,62,39,One-Year,72.43,2824.77,Yes
1142,Female,63,19,Month-to-Month,174.73,3319.87,Yes
1143,Male,34,51,Month-to-Month,126.16,6434.16,Yes
1144,Female,25,35,Two-Year,136.57,4779.95,No
1145,Male,22,4,Two-Year,162.67,650.68,No
1146,Female,25,30,Month-to-Month,74.74,2242.2,No
1147,Female,50,35,One-Year,98.8,3458.0,Yes
1148,Female,65,21,Month-to-Month,65.07,1366.47,Yes
1149,Male,61,54,Month-to-Month,125.68,6786.72,Yes
1150,Female,54,3,Two-Year,104.69,314.07,No
1151,Female,29,38,One-Year,134.26,5101.88,No
1152,Male,48,23,One-Year,80.0,1840.0,Yes
1153,Male,39,27,Month-to-Month,109.18,2947.86,No
1154,Male,47,6,One-Year,65.43,392.58,Yes
1155,Female,50,53,Two-Year,138.38,7334.14,No
1156,Female,21,13,Month-to-Month,85.12,1106.56,No
1157,Female,21,14,One-Year,118.86,1664.04,No
1158,Female,62,32,Two-Year,25.2,806.4,Yes
1159,Male,37,36,Two-Year,119.41,4298.76,Yes
1160,Male,25,30,Two-Year,136.59,4097.7,Yes
1161,Female,63,19,Month-to-Month,146.97,2792.43,No
1162,Female,48,16,One-Year,119.23,1907.68,No
1163,Male,56,33,Month-to-Month,178.28,5883.24,Yes
1164,Female,44,22,Month-to-Month,68.09,1497.98,Yes
1165,Female,64,20,Month-to-Month,124.39,2487.8,No
1166,Male,46,35,One-Year,82.12,2874.2,No
1167,Female,38,56,Two-Year,196.54,11006.24,Yes
1168,Female,32,55,One-Year,27.86,1532.3,No
1169,Female,42,43,Month-to-Month,196.55,8451.65,No
1170,Male,26,33,Month-to-Month,79.76,2632.08,Yes
1171,Female,24,34,One-Year,22.76,773.84,Yes
1172,Female,59,10,Two-Year,104.51,1045.1,No
1173,Female,57,45,One-Year,136.97,6163.65,No
1174,Female,38,41,Month-to-Month,179.74,7369.34,No
1175,Male,57,5,Two-Year,133.61,668.05,No
1176,Male,65,6,One-Year,196.1,1176.6,Yes
1177,Female,28,45,One-Year,182.62,8217.9,Yes
1178,Female,21,19,One-Year,87.47,1661.93,Yes
1179,Male,51,27,Month-to-Month,142.72,3853.44,Yes
1180,Male,29,6,Month-to-Month,176.75,1060.5,Yes
1181,Female,55,10,Two-Year,103.01,1030.1,No
1182,Female,34,43,Two-Year,181.8,7817.4,No
1183,Female,61,35,Two-Year,33.3,1165.5,No
1184,Female,58,28,Month-to-Month,65.02,1820.56,No
1185,Male,42,55,One-Year,39.2,2156.0,No
1186,Female,54,19,Month-to-Month,73.14,1389.66,No
1187,Female,18,37,Month-to-Month,160.1,5923.7,Yes
1188,Female,36,50,Two-Year,129.27,6463.5,No
1189,Male,58,13,Month-to-Month,65.11,846.43,Yes
1190,Male,58,42,Two-Year,75.61,3175.62,No
1191,Male,55,24,Month-to-Month,43.65,1047.6,No
1192,Female,65,27,Two-Year,56.14,1515.78,No
1193,Female,28,17,One-Year,194.13,3300.21,No
1194,Female,25,30,Two-Year,45.34,1360.2,Yes
1195,Female,53,24,Two-Year,162.32,3895.68,Yes
1196,Female,52,8,One-Year,86.35,690.8,No
1197,Female,58,24,Two-Year,141.47,3395.28,No
1198,Male,57,57,Month-to-Month,79.04,4505.28,Yes
1199,Male,58,53,One-Year,183.69,9735.57,No
1200,Female,25,9,Two-Year,190.33,1712.97,No
1201,Female,25,7,Two-Year,179.71,1257.97,Yes
1202,Female,47,24,Month-to-Month,190.89,4581.36,No
1203,Male,44,42,Two-Year,170.06,7142.52,No
1204,Female,20,45,One-Year,59.11,2659.95,No
1205,Male,41,7,Month-to-Month,86.12,602.84,No
1206,Male,43,18,Two-Year,194.28,3497.04,No
1207,Male,60,14,Month-to-Month,135.11,1891.54,Yes
1208,Male,39,16,Two-Year,161.66,2586.56,Yes
1209,Male,53,14,Month-to-Month,58.87,824.18,Yes
1210,Female,27,51,Month-to-Month,20.51,1046.01,Yes
1211,Male,52,17,Two-Year,39.79,676.43,Yes
1212,Male,18,23,Two-Year,125.99,2897.77,Yes
1213,Male,34,4,Two-Year,153.51,614.04,Yes
1214,Male,48,29,One-Year,112.38,3259.02,Yes
1215,Female,50,15,Month-to-Month,27.81,417.15,No
1216,Female,59,2,Two-Year,199.75,399.5,No
1217,Female,61,7,One-Year,148.23,1037.61,No
1218,Male,23,21,Month-to-Month,46.7,980.7,Yes
1219,Female,57,41,Month-to-Month,118.7,4866.7,No
1220,Female,56,34,One-Year,101.67,3456.78,No
1221,Male,62,8,Month-to-Month,137.16,1097.28,Yes
1222,Female,46,57,Two-Year,94.49,5385.93,No
1223,Female,44,47,Two-Year,76.26,3584.22,No
1224,Female,41,10,Month-to-Month,186.14,1861.4,Yes
1225,Male,23,6,One-Year,37.38,224.28,No
1226,Male,53,4,Month-to-Month,192.19,768.76,No
1227,Male,44,23,Month-to-Month,189.4,4356.2,No
1228,Male,36,39,One-Year,83.3,3248.7,Yes
1229,Male,60,31,Two-Year,172.51,5347.81,No
1230,Female,25,49,One-Year,123.34,6043.66,No
1231,Male,56,60,Month-to-Month,169.3,10158.0,No
1232,Male,29,18,Month-to-Month,157.23,2830.14,No
1233,Female,18,12,Two-Year,121.94,1463.28,No
1234,Male,27,48,Month-to-Month,194.93,9356.64,Yes
1235,Male,42,27,One-Year,81.36,2196.72,No
1236,Female,64,21,Month-to-Month,127.32,2673.72,Yes
1237,Male,28,49,Month-to-Month,28.96,1419.04,Yes
1238,Female,46,43,One-Year,107.42,4619.06,No
1239,Female,35,14,Month-to-Month,40.49,566.86,No
1240,Male,36,44,Month-to-Month,126.76,5577.44,No
1241,Male,32,26,Month-to-Month,29.86,776.36,Yes
1242,Female,31,50,Two-Year,157.55,7877.5,No
1243,Female,25,1,One-Year,154.46,154.46,Yes
1244,Male,42,35,Month-to-Month,61.42,2149.7,No
1245,Male,43,56,Month-to-Month,27.61,1546.16,Yes
1246,Female,22,56,One-Year,123.64,6923.84,No
1247,Female,36,8,One-Year,23.75,190.0,No
1248,Male,57,30,Month-to-Month,185.56,5566.8,Yes
1249,Female,24,16,One-Year,126.0,2016.0,Yes
1250,Female,37,48,One-Year,59.88,2874.24,Yes
1251,Male,50,41,Two-Year,115.51,4735.91,Yes
1252,Female,40,47,Month-to-Month,166.71,7835.37,Yes
1253,Male,27,17,Two-Year,51.23,870.91,Yes
1254,Male,29,50,Month-to-Month,108.94,5447.0,No
1255,Female,58,21,Two-Year,99.16,2082.36,No
1256,Female,58,20,One-Year,126.46,2529.2,No
1257,Male,37,30,One-Year,26.77,803.1,No
1258,Female,22,42,Two-Year,130.7,5489.4,No
1259,Female,55,36,Month-to-Month,181.26,6525.36,No
1260,Male,38,39,One-Year,110.25,4299.75,Yes
1261,Female,24,52,One-Year,196.83,10235.16,Yes
1262,Male,20,16,Month-to-Month,98.8,1580.8,No
1263,Male,41,24,One-Year,89.73,2153.52,No
1264,Male,58,42,One-Year,31.86,1338.12,Yes
1265,Female,36,17,Month-to-Month,173.28,2945.76,Yes
1266,Female,23,38,Month-to-Month,45.46,1727.48,No
1267,Female,59,45,Month-to-Month,90.55,4074.75,Yes
1268,Female,53,25,Month-to-Month,162.5,4062.5,Yes
1269,Male,59,43,One-Year,111.53,4795.79,Yes
1270,Female,37,12,Two-Year,81.51,978.12,No
1271,Male,32,9,Two-Year,33.89,305.01,Yes
1272,Male,60,22,Month-to-Month,43.59,958.98,No
1273,Male,28,12,Month-to-Month,158.8,1905.6,Yes
1274,Female,20,27,One-Year,141.75,3827.25,Yes
1275,Female,57,19,Month-to-Month,161.08,3060.52,Yes
1276,Male,37,52,One-Year,182.72,9501.44,Yes
1277,Female,61,37,One-Year,103.1,3814.7,No
1278,Female,50,34,One-Year,193.93,6593.62,Yes
1279,Male,34,4,Month-to-Month,106.51,426.04,No
1280,Male,63,55,Month-to-Month,173.21,9526.55,No
1281,Male,28,18,One-Year,182.96,3293.28,Yes
1282,Female,23,59,Two-Year,167.01,9853.59,No
1283,Male,44,4,One-Year,110.36,441.44,Yes
1284,Female,23,24,Two-Year,25.07,601.68,Yes
1285,Female,27,9,Two-Year,71.64,644.76,No
1286,Male,63,31,One-Year,130.76,4053.56,Yes
1287,Male,34,14,Two-Year,118.78,1662.92,No
1288,Male,36,16,One-Year,41.93,670.88,Yes
1289,Female,58,51,Month-to-Month,102.28,5216.28,Yes
1290,Female,56,35,Two-Year,133.75,4681.25,Yes
1291,Male,36,28,Two-Year,130.67,3658.76,Yes
1292,Female,29,43,Month-to-Month,35.41,1522.63,No
1293,Male,51,35,Month-to-Month,161.55,5654.25,Yes
1294,Female,48,3,Month-to-Month,89.64,268.92,No
1295,Female,65,2,One-Year,161.93,323.86,No
1296,Male,64,43,Month-to-Month,38.66,1662.38,No
1297,Male,20,23,Month-to-Month,80.94,1861.62,Yes
1298,Female,62,31,Month-to-Month,52.81,1637.11,Yes
1299,Male,63,50,One-Year,26.66,1333.0,Yes
1300,Male,30,57,Two-Year,76.81,4378.17,No
1301,Female,52,31,One-Year,26.59,824.29,Yes
1302,Female,40,56,Two-Year,175.84,9847.04,No
1303,Female,25,52,One-Year,98.65,5129.8,No
1304,Female,42,22,Two-Year,109.32,2405.04,No
1305,Female,51,18,Two-Year,150.87,2715.66,Yes
1306,Female,56,53,Two-Year,118.19,6264.07,No
1307,Male,23,21,Month-to-Month,73.22,1537.62,No
1308,Female,28,45,One-Year,83.28,3747.6,Yes
1309,Female,57,28,One-Year,135.1,3782.8,Yes
1310,Male,60,41,One-Year,85.4,3501.4,Yes
1311,Male,27,55,Month-to-Month,142.06,7813.3,No
1312,Male,26,5,Two-Year,160.13,800.65,No
1313,Female,42,37,Two-Year,128.92,4770.04,No
1314,Female,41,29,Two-Year,123.31,3575.99,No
1315,Female,38,42,One-Year,64.93,2727.06,Yes
1316,Male,65,12,One-Year,113.19,1358.28,Yes
1317,Female,34,46,One-Year,58.62,2696.52,No
1318,Female,30,8,Two-Year,173.51,1388.08,No
1319,Male,63,29,Two-Year,165.89,4810.81,No
1320,Female,63,5,Month-to-Month,117.59,587.95,No
1321,Male,63,46,Month-to-Month,134.79,6200.34,No
1322,Male,25,13,Two-Year,62.61,813.93,No
1323,Male,41,36,Month-to-Month,86.4,3110.4,Yes
1324,Male,22,20,One-Year,199.93,3998.6,No
1325,Female,44,53,Month-to-Month,33.28,1763.84,No
1326,Male,46,30,Month-to-Month,113.12,3393.6,Yes
1327,Male,26,28,Month-to-Month,183.93,5150.04,Yes
1328,Male,51,10,One-Year,49.64,496.4,No
1329,Male,40,34,One-Year,172.27,5857.18,No
1330,Male,58,36,One-Year,42.53,1531.08,No
1331,Male,50,42,Two-Year,126.53,5314.26,Yes
1332,Male,60,40,Month-to-Month,182.36,7294.4,No
1333,Male,19,6,Two-Year,190.74,1144.44,No
1334,Male,54,27,Month-to-Month,135.02,3645.54,No
1335,Female,59,20,One-Year,64.08,1281.6,No
1336,Female,47,5,Month-to-Month,30.78,153.9,No
1337,Female,48,30,Two-Year,81.23,2436.9,Yes
1338,Female,63,21,Month-to-Month,197.84,4154.64,No
1339,Female,26,49,One-Year,112.7,5522.3,Yes
1340,Female,33,30,Two-Year,68.14,2044.2,Yes
1341,Male,24,4,One-Year,190.17,760.68,No
1342,Male,28,53,One-Year,188.08,9968.24,No
1343,Male,28,32,Month-to-Month,104.03,3328.96,No
1344,Female,19,6,One-Year,110.98,665.88,Yes
1345,Male,55,23,Two-Year,29.1,669.3,No
1346,Female,36,35,Two-Year,172.49,6037.15,No
1347,Male,34,47,One-Year,157.49,7402.03,No
1348,Male,43,4,Month-to-Month,121.13,484.52,No
1349,Female,22,25,Month-to-Month,101.06,2526.5,No
1350,Male,26,7,One-Year,87.18,610.26,No
1351,Female,27,13,Month-to-Month,111.64,1451.32,Yes
1352,Male,20,9,Month-to-Month,79.95,719.55,No
1353,Female,27,39,Month-to-Month,45.16,1761.24,No
1354,Male,43,40,Month-to-Month,171.67,6866.8,No
1355,Female,63,37,One-Year,105.48,3902.76,Yes
1356,Female,39,44,Two-Year,196.38,8640.72,No
1357,Male,56,31,One-Year,194.07,6016.17,Yes
1358,Male,55,31,Two-Year,114.36,3545.16,No
1359,Male,61,16,Two-Year,123.06,1968.96,Yes
1360,Male,19,29,One-Year,95.38,2766.02,No
1361,Male,44,33,Month-to-Month,185.69,6127.77,Yes
1362,Male,51,14,Month-to-Month,78.51,1099.14,No
1363,Female,38,12,One-Year,184.18,2210.16,No
1364,Female,61,50,Month-to-Month,142.53,7126.5,No
1365,Female,30,16,One-Year,120.46,1927.36,Yes
1366,Female,36,46,Two-Year,144.24,6635.04,No
1367,Female,48,23,Month-to-Month,188.07,4325.61,No
1368,Female,25,37,Month-to-Month,117.77,4357.49,No
1369,Female,27,19,Two-Year,71.77,1363.63,Yes
1370,Female,46,42,One-Year,154.52,6489.84,Yes
1371,Male,52,18,Month-to-Month,145.31,2615.58,Yes
1372,Male,57,48,Month-to-Month,63.07,3027.36,Yes
1373,Male,58,15,Two-Year,38.04,570.6,No
1374,Female,24,44,Two-Year,20.93,920.92,Yes
1375,Female,59,60,One-Year,105.94,6356.4,Yes
1376,Female,38,19,Month-to-Month,30.65,582.35,Yes
1377,Male,52,48,Month-to-Month,173.06,8306.88,Yes
1378,Male,44,57,Two-Year,188.11,10722.27,Yes
1379,Female,49,12,Month-to-Month,193.18,2318.16,No
1380,Male,18,20,Month-to-Month,128.5,2570.0,No
1381,Female,47,42,Month-to-Month,114.38,4803.96,Yes
1382,Female,35,13,Two-Year,79.52,1033.76,No
1383,Female,63,12,Two-Year,152.59,1831.08,No
1384,Male,29,40,Month-to-Month,181.47,7258.8,No
1385,Female,23,26,Month-to-Month,37.17,966.42,Yes
1386,Female,38,60,Two-Year,21.23,1273.8,No
1387,Male,46,49,One-Year,191.73,9394.77,No
1388,Male,34,42,One-Year,144.7,6077.4,Yes
1389,Male,47,20,Two-Year,92.97,1859.4,No
1390,Male,58,59,One-Year,86.16,5083.44,Yes
1391,Male,26,31,Two-Year,101.9,3158.9,No
1392,Female,62,36,One-Year,156.32,5627.52,Yes
1393,Male,61,49,Month-to-Month,177.16,8680.84,Yes
1394,Female,51,46,One-Year,34.06,1566.76,Yes
1395,Male,53,58,Month-to-Month,56.39,3270.62,Yes
1396,Male,38,55,Month-to-Month,99.53,5474.15,Yes
1397,Female,23,58,Month-to-Month,100.19,5811.02,Yes
1398,Female,26,33,One-Year,102.22,3373.26,Yes
1399,Female,61,52,One-Year,150.19,7809.88,No
1400,Female,18,48,Two-Year,124.1,5956.8,Yes
1401,Female,40,45,Two-Year,117.41,5283.45,Yes
1402,Male,48,3,One-Year,93.6,280.8,Yes
1403,Female,41,58,One-Year,100.74,5842.92,No
1404,Female,23,44,Month-to-Month,177.42,7806.48,Yes
1405,Female,25,12,Month-to-Month,90.75,1089.0,Yes
1406,Male,18,49,Two-Year,196.13,9610.37,No
1407,Female,52,25,Two-Year,64.55,1613.75,No
1408,Male,35,13,Month-to-Month,157.79,2051.27,Yes
1409,Female,57,50,Two-Year,63.32,3166.0,Yes
1410,Male,56,3,One-Year,127.6,382.8,Yes
1411,Male,65,3,One-Year,99.01,297.03,Yes
1412,Male,26,33,One-Year,62.15,2050.95,No
1413,Female,33,20,Two-Year,197.43,3948.6,Yes
1414,Female,37,18,Two-Year,120.21,2163.78,Yes
1415,Female,53,32,Two-Year,195.01,6240.32,No
1416,Female,62,27,One-Year,46.86,1265.22,No
1417,Male,52,31,Two-Year,172.88,5359.28,No
1418,Male,47,59,Two-Year,121.23,7152.57,No
1419,Male,42,16,One-Year,56.6,905.6,Yes
1420,Female,41,6,Month-to-Month,150.43,902.58,Yes
1421,Male,35,25,Month-to-Month,128.89,3222.25,Yes
1422,Male,30,52,Month-to-Month,150.37,7819.24,Yes
1423,Female,31,56,One-Year,74.57,4175.92,Yes
1424,Male,30,48,Two-Year,154.44,7413.12,No
1425,Male,62,39,Month-to-Month,56.81,2215.59,Yes
1426,Female,36,25,One-Year,116.06,2901.5,No
1427,Female,34,24,Month-to-Month,178.91,4293.84,No
1428,Male,64,31,One-Year,184.58,5721.98,No
1429,Female,44,3,Month-to-Month,175.54,526.62,Yes
1430,Male,34,36,Month-to-Month,124.25,4473.0,No
1431,Female,27,13,One-Year,61.4,798.2,Yes
1432,Female,53,42,Month-to-Month,80.76,3391.92,No
1433,Female,47,11,Month-to-Month,163.1,1794.1,Yes
1434,Male,64,35,One-Year,53.13,1859.55,Yes
1435,Male,22,53,Month-to-Month,28.73,1522.69,Yes
1436,Female,26,54,Month-to-Month,61.66,3329.64,Yes
1437,Male,31,33,One-Year,87.18,2876.94,No
1438,Female,19,1,Month-to-Month,119.3,119.3,Yes
1439,Male,51,47,One-Year,116.43,5472.21,No
1440,Male,50,53,Month-to-Month,141.33,7490.49,Yes
1441,Male,24,34,Two-Year,63.37,2154.58,No
1442,Female,35,51,One-Year,34.22,1745.22,No
1443,Female,54,16,Month-to-Month,60.65,970.4,Yes
1444,Male,23,26,One-Year,87.89,2285.14,No
1445,Male,58,1,Month-to-Month,50.85,50.85,No
1446,Female,59,51,One-Year,121.85,6214.35,Yes
1447,Male,32,14,Month-to-Month,179.76,2516.64,No
1448,Female,20,60,Two-Year,143.2,8592.0,No
1449,Male,29,60,One-Year,22.82,1369.2,Yes
1450,Male,63,53,One-Year,187.2,9921.6,No
1451,Male,54,16,Month-to-Month,170.24,2723.84,No
1452,Female,42,49,Month-to-Month,45.19,2214.31,Yes
1453,Female,21,7,One-Year,61.79,432.53,Yes
1454,Female,56,50,Month-to-Month,191.87,9593.5,No
1455,Female,19,41,One-Year,161.04,6602.64,No
1456,Female,32,23,Month-to-Month,189.41,4356.43,No
1457,Male,61,38,Month-to-Month,88.41,3359.58,No
1458,Male,63,5,Two-Year,68.23,341.15,No
1459,Male,65,25,One-Year,84.93,2123.25,Yes
1460,Male,37,29,One-Year,157.04,4554.16,Yes
1461,Male,23,12,One-Year,100.79,1209.48,No
1462,Male,19,6,One-Year,119.76,718.56,No
1463,Female,18,19,One-Year,89.8,1706.2,Yes
1464,Male,54,34,Two-Year,143.36,4874.24,Yes
1465,Male,35,20,One-Year,108.76,2175.2,Yes
1466,Male,45,18,One-Year,73.96,1331.28,Yes
1467,Female,34,16,Month-to-Month,132.51,2120.16,Yes
1468,Female,24,9,One-Year,21.22,190.98,No
1469,Female,57,25,One-Year,99.24,2481.0,No
1470,Male,37,21,Month-to-Month,190.51,4000.71,Yes
1471,Female,38,12,One-Year,194.37,2332.44,No
1472,Female,54,51,Two-Year,78.66,4011.66,No
1473,Female,41,8,Month-to-Month,55.96,447.68,Yes
1474,Male,64,30,Month-to-Month,57.74,1732.2,No
1475,Male,44,44,One-Year,45.05,1982.2,No
1476,Male,34,43,Two-Year,148.74,6395.82,No
1477,Male,46,39,One-Year,124.8,4867.2,No
1478,Male,41,45,Month-to-Month,126.89,5710.05,Yes
1479,Male,33,43,Month-to-Month,83.9,3607.7,Yes
1480,Female,39,51,One-Year,39.07,1992.57,Yes
1481,Female,32,33,Month-to-Month,113.38,3741.54,Yes
1482,Female,41,26,One-Year,159.02,4134.52,Yes
1483,Female,19,31,Two-Year,73.18,2268.58,Yes
1484,Male,64,10,One-Year,76.14,761.4,No
1485,Male,51,31,One-Year,105.71,3277.01,No
1486,Female,38,5,One-Year,28.04,140.2,Yes
1487,Male,39,42,Two-Year,141.89,5959.38,Yes
1488,Male,51,12,Month-to-Month,48.82,585.84,No
1489,Female,32,52,One-Year,133.36,6934.72,Yes
1490,Female,43,2,Month-to-Month,130.54,261.08,Yes
1491,Female,55,28,One-Year,20.8,582.4,Yes
1492,Male,35,49,Month-to-Month,165.57,8112.93,Yes
1493,Male,52,12,One-Year,78.68,944.16,No
1494,Male,34,43,One-Year,114.99,4944.57,No
1495,Female,57,26,Month-to-Month,40.56,1054.56,No
1496,Female,57,12,Month-to-Month,147.08,1764.96,No
1497,Male,61,9,One-Year,41.22,370.98,No
1498,Male,29,24,Month-to-Month,45.44,1090.56,No
1499,Female,56,9,Month-to-Month,89.07,801.63,Yes
1500,Female,58,35,Month-to-Month,185.45,6490.75,Yes
1501,Male,49,19,Two-Year,53.68,1019.92,No
1502,Male,40,1,One-Year,44.58,44.58,No
1503,Female,44,44,One-Year,94.81,4171.64,No
1504,Female,28,6,Month-to-Month,25.55,153.3,Yes
1505,Female,20,18,Two-Year,116.77,2101.86,Yes
1506,Female,54,48,One-Year,118.95,5709.6,Yes
1507,Male,35,50,Month-to-Month,168.19,8409.5,No
1508,Male,64,29,Month-to-Month,59.34,1720.86,No
1509,Male,65,54,Month-to-Month,155.24,8382.96,No
1510,Male,46,17,One-Year,175.2,2978.4,Yes
1511,Female,25,50,Two-Year,57.78,2889.0,No
1512,Female,28,40,Two-Year,161.27,6450.8,Yes
1513,Male,54,23,Month-to-Month,70.6,1623.8,Yes
1514,Female,63,19,One-Year,123.09,2338.71,Yes
1515,Male,44,59,Two-Year,198.65,11720.35,Yes
1516,Male,33,10,Month-to-Month,77.98,779.8,Yes
1517,Female,49,10,Month-to-Month,133.83,1338.3,No
1518,Female,46,5,Month-to-Month,163.03,815.15,Yes
1519,Female,50,48,One-Year,145.05,6962.4,No
1520,Female,49,21,Month-to-Month,20.45,429.45,Yes
1521,Female,58,43,Month-to-Month,84.48,3632.64,Yes
1522,Female,31,28,Two-Year,109.05,3053.4,No
1523,Female,39,36,Month-to-Month,43.51,1566.36,No
1524,Female,61,49,Two-Year,28.27,1385.23,No
1525,Male,25,60,Two-Year,99.43,5965.8,Yes
1526,Female,30,45,Two-Year,178.79,8045.55,No
1527,Male,35,6,Month-to-Month,84.88,509.28,Yes
1528,Female,60,58,Month-to-Month,49.79,2887.82,No
1529,Female,64,45,Two-Year,97.26,4376.7,Yes
1530,Male,18,14,One-Year,34.03,476.42,Yes
1531,Female,18,1,Month-to-Month,81.84,81.84,Yes
1532,Female,62,9,One-Year,32.75,294.75,No
1533,Male,64,52,Two-Year,38.58,2006.16,No
1534,Female,26,25,Two-Year,135.48,3387.0,Yes
1535,Male,51,37,Two-Year,129.86,4804.82,Yes
1536,Female,40,47,Two-Year,133.05,6253.35,Yes
1537,Female,57,44,One-Year,174.79,7690.76,Yes
1538,Male,26,49,Two-Year,126.12,6179.88,No
1539,Female,45,21,Two-Year,64.6,1356.6,Yes
1540,Male,53,39,Month-to-Month,149.81,5842.59,No
1541,Male,60,57,One-Year,56.98,3247.86,Yes
1542,Female,36,42,Two-Year,161.08,6765.36,Yes
1543,Female,42,8,Two-Year,109.92,879.36,Yes
1544,Male,41,60,One-Year,43.76,2625.6,No
1545,Female,52,44,Two-Year,157.29,6920.76,Yes
1546,Male,55,5,Two-Year,67.19,335.95,Yes
1547,Male,43,33,One-Year,133.14,4393.62,No
1548,Female,62,26,Two-Year,135.3,3517.8,Yes
1549,Female,23,20,Two-Year,112.03,2240.6,Yes
1550,Male,52,21,One-Year,125.56,2636.76,Yes
1551,Female,62,28,Month-to-Month,191.62,5365.36,Yes
1552,Male,33,6,One-Year,40.88,245.28,Yes
1553,Female,60,48,Month-to-Month,153.32,7359.36,Yes
1554,Male,63,9,Month-to-Month,22.04,198.36,No
1555,Female,51,34,Month-to-Month,66.66,2266.44,No
1556,Male,65,50,One-Year,151.93,7596.5,Yes
1557,Male,39,52,One-Year,68.96,3585.92,Yes
1558,Female,63,37,Month-to-Month,33.87,1253.19,No
1559,Female,21,32,Month-to-Month,50.04,1601.28,Yes
1560,Female,24,58,Month-to-Month,141.34,8197.72,Yes
1561,Male,65,33,Two-Year,27.93,921.69,Yes
1562,Male,20,31,One-Year,88.94,2757.14,Yes
1563,Male,20,36,Month-to-Month,153.32,5519.52,No
1564,Male,38,16,One-Year,184.85,2957.6,No
1565,Female,22,37,One-Year,41.49,1535.13,Yes
1566,Male,32,52,Month-to-Month,196.65,10225.8,No
1567,Male,47,56,One-Year,159.23,8916.88,No
1568,Female,23,36,One-Year,21.43,771.48,Yes
1569,Female,54,51,One-Year,153.12,7809.12,Yes
1570,Female,41,38,One-Year,199.6,7584.8,Yes
1571,Male,27,1,One-Year,24.3,24.3,No
1572,Male,39,1,Month-to-Month,87.73,87.73,No
1573,Male,31,34,Two-Year,95.57,3249.38,Yes
1574,Male,63,18,Two-Year,27.9,502.2,Yes
1575,Female,62,58,One-Year,102.52,5946.16,Yes
1576,Male,50,9,Month-to-Month,167.59,1508.31,Yes
1577,Male,45,43,Two-Year,62.62,2692.66,No
1578,Female,43,45,Month-to-Month,78.73,3542.85,No
1579,Female,32,5,Two-Year,44.5,222.5,Yes
1580,Male,24,11,One-Year,103.89,1142.79,No
1581,Male,52,23,Two-Year,101.35,2331.05,No
1582,Female,25,6,Two-Year,165.37,992.22,No
1583,Male,31,54,One-Year,46.7,2521.8,Yes
1584,Female,43,33,Two-Year,141.89,4682.37,No
1585,Male,19,26,One-Year,120.07,3121.82,Yes
1586,Male,47,7,Two-Year,41.86,293.02,Yes
1587,Male,26,13,One-Year,87.0,1131.0,Yes
1588,Female,22,2,Two-Year,55.6,111.2,No
1589,Male,23,58,One-Year,42.05,2438.9,No
1590,Male,28,60,Month-to-Month,97.97,5878.2,No
1591,Female,19,25,Month-to-Month,96.8,2420.0,No
1592,Male,29,18,One-Year,100.28,1805.04,Yes
1593,Male,57,40,Month-to-Month,64.24,2569.6,No
1594,Female,44,57,Month-to-Month,106.23,6055.11,Yes
1595,Female,42,9,One-Year,55.9,503.1,Yes
1596,Male,42,51,Month-to-Month,84.64,4316.64,No
1597,Female,54,33,One-Year,89.91,2967.03,Yes
1598,Male,38,39,Two-Year,25.27,985.53,No
1599,Male,48,34,One-Year,158.03,5373.02,Yes
1600,Male,24,16,Month-to-Month,63.41,1014.56,Yes
1601,Male,54,55,One-Year,83.86,4612.3,Yes
1602,Male,33,38,One-Year,165.12,6274.56,No
1603,Male,63,45,One-Year,190.56,8575.2,Yes
1604,Male,49,35,One-Year,51.6,1806.0,Yes
1605,Male,21,15,Month-to-Month,59.39,890.85,No
1606,Male,39,59,Month-to-Month,56.26,3319.34,Yes
1607,Female,63,12,One-Year,30.72,368.64,Yes
1608,Male,25,55,Month-to-Month,174.92,9620.6,Yes
1609,Female,63,43,One-Year,125.48,5395.64,No
1610,Female,38,9,Two-Year,151.82,1366.38,No
1611,Female,59,21,Two-Year,147.29,3093.09,No
1612,Male,60,38,Two-Year,88.11,3348.18,No
1613,Male,29,47,Two-Year,190.78,8966.66,No
1614,Male,29,39,One-Year,185.79,7245.81,Yes
1615,Male,49,10,One-Year,154.16,1541.6,Yes
1616,Female,38,11,Month-to-Month,179.36,1972.96,Yes
1617,Female,46,1,One-Year,57.74,57.74,Yes
1618,Female,34,51,Two-Year,149.67,7633.17,Yes
1619,Female,46,47,One-Year,194.44,9138.68,No
1620,Female,42,23,Month-to-Month,87.56,2013.88,No
1621,Male,28,29,Two-Year,163.86,4751.94,Yes
1622,Female,19,21,One-Year,191.3,4017.3,Yes
1623,Female,28,57,One-Year,48.96,2790.72,Yes
1624,Male,39,39,Month-to-Month,180.78,7050.42,Yes
1625,Female,59,11,Month-to-Month,180.16,1981.76,Yes
1626,Male,24,22,Two-Year,195.39,4298.58,No
1627,Female,60,19,One-Year,62.76,1192.44,Yes
1628,Female,54,36,One-Year,47.65,1715.4,No
1629,Male,45,6,One-Year,168.3,1009.8,No
1630,Male,24,2,Two-Year,50.75,101.5,No
1631,Male,48,55,Two-Year,75.5,4152.5,No
1632,Female,49,58,Month-to-Month,67.7,3926.6,No
1633,Male,41,57,One-Year,86.49,4929.93,No
1634,Male,34,29,One-Year,67.41,1954.89,No
1635,Male,27,49,Month-to-Month,140.14,6866.86,Yes
1636,Female,52,27,Month-to-Month,60.95,1645.65,Yes
1637,Female,51,27,Month-to-Month,143.67,3879.09,No
1638,Male,48,20,Two-Year,91.06,1821.2,Yes
1639,Male,25,49,One-Year,51.12,2504.88,Yes
1640,Male,30,9,Two-Year,96.21,865.89,No
1641,Male,58,10,Month-to-Month,66.42,664.2,Yes
1642,Male,42,36,One-Year,119.37,4297.32,No
1643,Female,18,51,Month-to-Month,132.15,6739.65,No
1644,Male,44,10,Two-Year,121.99,1219.9,Yes
1645,Male,54,50,Two-Year,161.43,8071.5,No
1646,Female,34,25,Month-to-Month,107.41,2685.25,No
1647,Male,29,18,One-Year,45.89,826.02,No
1648,Male,43,57,One-Year,144.29,8224.53,Yes
1649,Female,35,58,One-Year,23.64,1371.12,No
1650,Female,35,54,One-Year,174.48,9421.92,Yes
1651,Male,26,20,Month-to-Month,99.76,1995.2,No
1652,Female,64,27,Month-to-Month,136.2,3677.4,Yes
1653,Female,31,59,One-Year,153.37,9048.83,No
1654,Male,50,51,Two-Year,31.81,1622.31,No
1655,Male,51,57,Month-to-Month,25.21,1436.97,Yes
1656,Male,21,16,Two-Year,102.16,1634.56,No
1657,Male,35,24,One-Year,110.92,2662.08,Yes
1658,Male,33,24,One-Year,126.93,3046.32,Yes
1659,Female,55,36,One-Year,81.96,2950.56,No
1660,Male,36,2,One-Year,28.94,57.88,Yes
1661,Male,59,15,Month-to-Month,57.21,858.15,No
1662,Male,61,1,One-Year,184.07,184.07,Yes
1663,Male,32,17,Month-to-Month,164.92,2803.64,No
1664,Female,45,58,One-Year,173.29,10050.82,No
1665,Female,31,30,One-Year,141.9,4257.0,No
1666,Male,18,33,Month-to-Month,193.97,6401.01,No
1667,Female,37,44,Two-Year,106.71,4695.24,No
1668,Female,58,21,One-Year,67.01,1407.21,No
1669,Male,27,34,Two-Year,181.94,6185.96,No
1670,Female,61,9,Month-to-Month,24.58,221.22,No
1671,Female,34,59,One-Year,92.83,5476.97,Yes
1672,Male,39,47,Month-to-Month,60.03,2821.41,No
1673,Female,50,20,Two-Year,171.31,3426.2,Yes
1674,Female,24,31,Two-Year,153.37,4754.47,Yes
1675,Female,59,6,Two-Year,83.95,503.7,No
1676,Female,39,24,One-Year,125.4,3009.6,No
1677,Male,48,4,Month-to-Month,125.04,500.16,Yes
1678,Female,30,33,Two-Year,176.15,5812.95,No
1679,Female,44,4,Two-Year,44.73,178.92,Yes
1680,Female,44,37,One-Year,45.78,1693.86,Yes
1681,Male,49,22,Month-to-Month,197.6,4347.2,No
1682,Male,18,29,One-Year,57.69,1673.01,Yes
1683,Male,49,51,Two-Year,43.29,2207.79,No
1684,Female,43,28,One-Year,89.0,2492.0,Yes
1685,Male,64,24,Two-Year,180.56,4333.44,Yes
1686,Male,61,1,Month-to-Month,152.05,152.05,Yes
1687,Female,37,9,Two-Year,89.04,801.36,No
1688,Male,22,53,Two-Year,73.68,3905.04,No
1689,Female,64,34,Month-to-Month,114.34,3887.56,No
1690,Male,39,58,One-Year,84.67,4910.86,Yes
1691,Male,43,2,Two-Year,60.38,120.76,Yes
1692,Male,64,2,Month-to-Month,110.83,221.66,Yes
1693,Female,63,42,Two-Year,87.53,3676.26,No
1694,Male,56,4,Month-to-Month,39.46,157.84,Yes
1695,Male,62,8,One-Year,99.98,799.84,Yes
1696,Female,48,45,Two-Year,56.99,2564.55,Yes
1697,Female,44,43,Two-Year,139.25,5987.75,No
1698,Male,44,54,Two-Year,112.09,6052.86,Yes
1699,Female,25,51,Two-Year,109.59,5589.09,Yes
1700,Female,51,13,One-Year,146.62,1906.06,No
1701,Male,20,36,One-Year,183.86,6618.96,No
1702,Female,33,1,Two-Year,140.89,140.89,Yes
1703,Female,27,6,Month-to-Month,33.51,201.06,Yes
1704,Female,59,15,One-Year,197.96,2969.4,No
1705,Female,47,4,Two-Year,166.37,665.48,Yes
1706,Female,41,52,Month-to-Month,76.29,3967.08,Yes
1707,Male,20,1,Two-Year,139.4,139.4,Yes
1708,Female,40,58,One-Year,191.92,11131.36,No
1709,Male,41,53,One-Year,52.92,2804.76,No
1710,Female,47,18,One-Year,144.18,2595.24,No
1711,Female,59,57,Two-Year,40.35,2299.95,Yes
1712,Male,24,27,Month-to-Month,106.88,2885.76,No
1713,Male,57,25,One-Year,130.04,3251.0,Yes
1714,Female,49,8,One-Year,99.32,794.56,Yes
1715,Female,59,21,Two-Year,146.82,3083.22,Yes
1716,Female,51,34,Month-to-Month,146.1,4967.4,Yes
1717,Female,60,47,Two-Year,106.75,5017.25,No
1718,Male,53,58,Month-to-Month,29.82,1729.56,Yes
1719,Female,49,56,Two-Year,33.48,1874.88,No
1720,Female,33,22,One-Year,29.06,639.32,Yes
1721,Female,43,53,Two-Year,34.19,1812.07,No
1722,Female,23,55,One-Year,100.47,5525.85,Yes
1723,Female,65,42,Two-Year,38.48,1616.16,No
1724,Male,53,36,Two-Year,168.66,6071.76,No
1725,Male,59,43,One-Year,191.06,8215.58,No
1726,Male,32,55,One-Year,79.76,4386.8,No
1727,Female,63,29,Two-Year,37.54,1088.66,Yes
1728,Male,39,23,Month-to-Month,193.6,4452.8,No
1729,Female,62,7,Two-Year,181.44,1270.08,No
1730,Male,63,48,Month-to-Month,93.66,4495.68,No
1731,Male,30,8,One-Year,58.81,470.48,Yes
1732,Female,24,49,One-Year,28.37,1390.13,Yes
1733,Female,47,43,Month-to-Month,192.11,8260.73,Yes
1734,Female,18,34,Month-to-Month,28.74,977.16,No
1735,Female,50,50,Two-Year,144.53,7226.5,Yes
1736,Male,24,25,Month-to-Month,128.1,3202.5,No
1737,Female,44,39,Month-to-Month,157.23,6131.97,No
1738,Female,39,19,One-Year,164.86,3132.34,Yes
1739,Female,56,45,Month-to-Month,112.21,5049.45,No
1740,Male,30,14,Month-to-Month,148.59,2080.26,No
1741,Male,63,42,Two-Year,110.7,4649.4,No
1742,Male,40,36,One-Year,124.91,4496.76,No
1743,Female,45,52,Two-Year,114.09,5932.68,Yes
1744,Female,27,4,Month-to-Month,30.19,120.76,No
1745,Male,36,44,One-Year,46.36,2039.84,Yes
1746,Female,31,49,Month-to-Month,25.82,1265.18,No
1747,Male,57,56,Month-to-Month,153.11,8574.16,Yes
1748,Female,33,33,Month-to-Month,71.77,2368.41,Yes
1749,Female,42,27,Month-to-Month,76.28,2059.56,Yes
1750,Male,65,17,Two-Year,131.7,2238.9,No
1751,Male,58,46,Month-to-Month,136.57,6282.22,Yes
1752,Male,36,29,Two-Year,197.02,5713.58,Yes
1753,Male,29,48,Month-to-Month,41.48,1991.04,Yes
1754,Female,35,36,One-Year,43.41,1562.76,No
1755,Male,39,30,Month-to-Month,188.75,5662.5,Yes
1756,Male,38,39,Two-Year,159.26,6211.14,No
1757,Female,54,36,One-Year,33.12,1192.32,No
1758,Male,29,34,Two-Year,161.53,5492.02,Yes
1759,Female,52,35,One-Year,36.55,1279.25,Yes
1760,Male,60,22,One-Year,84.94,1868.68,Yes
1761,Female,53,53,Month-to-Month,21.58,1143.74,No
1762,Female,33,58,Month-to-Month,130.47,7567.26,Yes
1763,Male,61,57,One-Year,88.65,5053.05,Yes
1764,Female,34,35,Month-to-Month,70.91,2481.85,No
1765,Female,49,3,One-Year,181.69,545.07,Yes
1766,Female,50,6,Two-Year,50.13,300.78,Yes
1767,Male,31,43,Month-to-Month,159.24,6847.32,No
1768,Male,31,35,Month-to-Month,178.15,6235.25,No
1769,Male,65,44,Two-Year,24.28,1068.32,No
1770,Male,23,5,Two-Year,52.04,260.2,No
1771,Male,54,53,Two-Year,183.98,9750.94,No
1772,Female,46,41,One-Year,97.94,4015.54,Yes
1773,Female,61,8,Month-to-Month,21.06,168.48,Yes
1774,Male,62,55,Two-Year,84.39,4641.45,Yes
1775,Female,61,20,Month-to-Month,35.57,711.4,No
1776,Female,43,53,Month-to-Month,25.55,1354.15,Yes
1777,Male,26,48,One-Year,163.42,7844.16,No
1778,Male,37,44,Month-to-Month,136.63,6011.72,Yes
1779,Male,25,3,Two-Year,123.09,369.27,No
1780,Male,37,14,Month-to-Month,153.46,2148.44,No
1781,Male,44,58,Month-to-Month,173.26,10049.08,Yes
1782,Male,29,15,Month-to-Month,170.25,2553.75,Yes
1783,Male,29,43,Month-to-Month,173.41,7456.63,No
1784,Male,36,43,Two-Year,65.12,2800.16,Yes
1785,Female,39,23,Two-Year,140.83,3239.09,Yes
1786,Male,36,40,Two-Year,182.02,7280.8,No
1787,Female,46,22,Month-to-Month,138.7,3051.4,Yes
1788,Female,38,28,Two-Year,20.87,584.36,Yes
1789,Male,63,48,Month-to-Month,98.5,4728.0,No
1790,Male,61,47,One-Year,178.02,8366.94,No
1791,Female,40,50,One-Year,107.65,5382.5,Yes
1792,Male,59,39,Two-Year,171.52,6689.28,Yes
1793,Male,34,47,Month-to-Month,33.76,1586.72,Yes
1794,Male,50,41,Two-Year,166.28,6817.48,No
1795,Male,20,36,One-Year,117.82,4241.52,No
1796,Male,41,26,Two-Year,180.46,4691.96,No
1797,Male,47,33,Month-to-Month,36.3,1197.9,No
1798,Male,60,16,Month-to-Month,143.15,2290.4,Yes
1799,Female,28,12,Month-to-Month,190.77,2289.24,Yes
1800,Female,40,3,Two-Year,157.07,471.21,Yes
1801,Male,34,24,Two-Year,27.71,665.04,Yes
1802,Female,42,31,One-Year,178.68,5539.08,Yes
1803,Female,24,46,Month-to-Month,134.04,6165.84,No
1804,Female,55,35,Month-to-Month,51.29,1795.15,No
1805,Female,55,42,Two-Year,113.0,4746.0,No
1806,Male,51,26,One-Year,167.1,4344.6,No
1807,Female,48,57,Month-to-Month,21.19,1207.83,Yes
1808,Female,28,15,Two-Year,112.62,1689.3,No
1809,Male,27,12,Two-Year,85.2,1022.4,Yes
1810,Male,44,52,One-Year,149.65,7781.8,No
1811,Female,48,14,Month-to-Month,49.02,686.28,No
1812,Male,33,3,Two-Year,123.23,369.69,Yes
1813,Male,58,33,Two-Year,180.34,5951.22,Yes
1814,Male,28,17,Two-Year,113.0,1921.0,No
1815,Male,64,47,Month-to-Month,167.83,7888.01,Yes
1816,Male,46,39,One-Year,176.11,6868.29,Yes
1817,Male,44,39,Two-Year,163.03,6358.17,Yes
1818,Female,28,47,Month-to-Month,81.68,3838.96,No
1819,Male,32,25,One-Year,43.8,1095.0,Yes
1820,Male,51,56,Month-to-Month,143.19,8018.64,Yes
1821,Male,29,31,Month-to-Month,127.97,3967.07,Yes
1822,Male,48,43,Two-Year,182.36,7841.48,Yes
1823,Female,51,27,One-Year,177.47,4791.69,No
1824,Male,48,51,One-Year,83.09,4237.59,Yes
1825,Female,26,17,One-Year,157.85,2683.45,Yes
1826,Female,56,57,Month-to-Month,93.56,5332.92,Yes
1827,Male,63,48,Two-Year,124.04,5953.92,Yes
1828,Male,42,42,Two-Year,143.8,6039.6,No
1829,Female,41,7,Two-Year,96.69,676.83,No
1830,Female,52,28,Month-to-Month,85.82,2402.96,No
1831,Female,31,27,Month-to-Month,161.08,4349.16,No
1832,Male,41,36,Month-to-Month,107.08,3854.88,No
1833,Female,63,26,Month-to-Month,44.85,1166.1,Yes
1834,Male,46,51,Month-to-Month,190.86,9733.86,Yes
1835,Male,50,26,One-Year,164.15,4267.9,Yes
1836,Male,42,41,Two-Year,164.79,6756.39,Yes
1837,Female,56,28,Two-Year,31.53,882.84,Yes
1838,Female,23,39,Two-Year,150.41,5865.99,No
1839,Female,63,39,Two-Year,190.23,7418.97,Yes
1840,Female,46,1,Two-Year,173.1,173.1,No
1841,Male,20,51,Month-to-Month,111.9,5706.9,Yes
1842,Male,61,3,One-Year,63.07,189.21,Yes
1843,Male,23,18,One-Year,83.56,1504.08,No
1844,Female,55,13,Month-to-Month,22.77,296.01,Yes
1845,Male,53,19,Month-to-Month,169.36,3217.84,No
1846,Female,35,15,Month-to-Month,193.35,2900.25,No
1847,Female,54,1,One-Year,51.51,51.51,Yes
1848,Male,50,19,One-Year,190.46,3618.74,No
1849,Female,62,29,One-Year,121.37,3519.73,Yes
1850,Female,47,44,One-Year,181.37,7980.28,Yes
1851,Female,25,17,Two-Year,88.88,1510.96,Yes
1852,Male,38,27,One-Year,112.97,3050.19,Yes
1853,Female,33,19,Two-Year,91.81,1744.39,No
1854,Male,53,60,Two-Year,105.78,6346.8,No
1855,Male,54,18,Two-Year,190.48,3428.64,Yes
1856,Female,65,13,Two-Year,152.38,1980.94,No
1857,Male,32,13,Two-Year,170.54,2217.02,No
1858,Male,24,8,Two-Year,141.65,1133.2,No
1859,Male,52,3,One-Year,86.82,260.46,No
1860,Female,54,56,One-Year,108.34,6067.04,No
1861,Female,32,49,Month-to-Month,43.08,2110.92,No
1862,Female,52,3,Month-to-Month,82.51,247.53,Yes
1863,Female,25,45,Month-to-Month,102.81,4626.45,Yes
1864,Male,61,14,One-Year,124.58,1744.12,No
1865,Female,57,56,One-Year,53.69,3006.64,No
1866,Male,35,31,Month-to-Month,81.76,2534.56,Yes
1867,Female,45,14,One-Year,146.13,2045.82,No
1868,Female,43,18,One-Year,52.38,942.84,Yes
1869,Male,24,47,One-Year,164.74,7742.78,No
1870,Female,30,10,Month-to-Month,46.92,469.2,Yes
1871,Male,44,32,Two-Year,199.2,6374.4,No
1872,Female,37,17,Month-to-Month,174.53,2967.01,Yes
1873,Female,24,45,Two-Year,30.81,1386.45,No
1874,Female,58,7,One-Year,154.03,1078.21,No
1875,Female,41,36,Month-to-Month,187.73,6758.28,No
1876,Female,19,27,Two-Year,83.2,2246.4,Yes
1877,Male,36,23,One-Year,141.17,3246.91,No
1878,Female,23,25,Month-to-Month,71.57,1789.25,Yes
1879,Male,58,52,One-Year,95.93,4988.36,No
1880,Male,23,11,One-Year,61.08,671.88,No
1881,Female,63,18,Month-to-Month,136.04,2448.72,No
1882,Female,41,48,Month-to-Month,113.77,5460.96,No
1883,Female,28,12,Two-Year,42.51,510.12,Yes
1884,Female,65,45,Month-to-Month,34.41,1548.45,Yes
1885,Female,24,7,Two-Year,188.62,1320.34,No
1886,Male,19,50,One-Year,114.32,5716.0,Yes
1887,Male,34,40,Two-Year,35.18,1407.2,No
1888,Female,32,16,Month-to-Month,71.15,1138.4,Yes
1889,Male,51,54,Two-Year,25.14,1357.56,No
1890,Female,48,30,Month-to-Month,188.27,5648.1,No
1891,Male,62,35,Two-Year,126.35,4422.25,No
1892,Female,51,41,Month-to-Month,116.08,4759.28,No
1893,Female,52,15,Two-Year,99.53,1492.95,No
1894,Female,34,10,One-Year,21.9,219.0,Yes
1895,Female,36,31,Month-to-Month,21.5,666.5,No
1896,Female,37,1,One-Year,163.63,163.63,Yes
1897,Male,53,24,Two-Year,94.11,2258.64,No
1898,Female,33,11,Month-to-Month,152.68,1679.48,No
1899,Female,32,17,Two-Year,96.0,1632.0,Yes
1900,Female,36,42,Month-to-Month,115.75,4861.5,No
1901,Female,30,55,Two-Year,52.83,2905.65,No
1902,Male,58,30,Month-to-Month,101.5,3045.0,No
1903,Male,38,2,Two-Year,28.93,57.86,Yes
1904,Male,24,19,One-Year,42.51,807.69,No
1905,Male,32,6,Two-Year,22.65,135.9,Yes
1906,Female,44,20,One-Year,199.63,3992.6,No
1907,Male,39,6,Two-Year,30.09,180.54,No
1908,Male,52,31,Two-Year,54.59,1692.29,No
1909,Female,18,8,Month-to-Month,64.81,518.48,No
1910,Male,65,3,Two-Year,102.95,308.85,Yes
1911,Male,48,25,Month-to-Month,193.02,4825.5,No
1912,Male,58,47,Two-Year,154.05,7240.35,Yes
1913,Female,48,41,One-Year,55.77,2286.57,Yes
1914,Male,25,16,Month-to-Month,98.15,1570.4,Yes
1915,Male,35,38,Two-Year,91.25,3467.5,Yes
1916,Male,20,38,Month-to-Month,105.55,4010.9,Yes
1917,Female,23,16,Two-Year,109.99,1759.84,No
1918,Male,21,23,Month-to-Month,47.71,1097.33,Yes
1919,Male,49,15,One-Year,196.7,2950.5,No
1920,Female,64,13,Two-Year,144.06,1872.78,No
1921,Male,34,58,Two-Year,107.35,6226.3,No
1922,Female,52,45,One-Year,54.16,2437.2,Yes
1923,Female,38,47,One-Year,69.56,3269.32,Yes
1924,Male,51,10,One-Year,73.22,732.2,No
1925,Female,47,1,Month-to-Month,111.07,111.07,Yes
1926,Male,57,55,One-Year,159.68,8782.4,Yes
1927,Female,64,5,Month-to-Month,194.09,970.45,No
1928,Male,51,44,One-Year,157.83,6944.52,Yes
1929,Female,38,27,Month-to-Month,77.96,2104.92,Yes
1930,Male,20,54,Two-Year,52.15,2816.1,Yes
1931,Male,24,32,Two-Year,37.78,1208.96,No
1932,Female,51,40,Month-to-Month,126.25,5050.0,Yes
1933,Female,32,39,Month-to-Month,32.76,1277.64,Yes
1934,Female,23,30,Month-to-Month,30.93,927.9,No
1935,Female,63,4,Month-to-Month,67.85,271.4,Yes
1936,Male,37,5,Two-Year,192.91,964.55,Yes
1937,Male,64,15,Month-to-Month,89.36,1340.4,Yes
1938,Male,54,41,Two-Year,120.52,4941.32,No
1939,Male,58,37,One-Year,141.41,5232.17,No
1940,Male,28,51,Two-Year,118.99,6068.49,No
1941,Male,52,39,One-Year,188.03,7333.17,No
1942,Female,41,27,Month-to-Month,97.51,2632.77,No
1943,Male,54,35,Two-Year,87.51,3062.85,No
1944,Female,46,29,One-Year,20.04,581.16,Yes
1945,Female,56,2,Month-to-Month,44.32,88.64,No
1946,Male,37,15,Two-Year,174.03,2610.45,Yes
1947,Female,53,33,Month-to-Month,122.72,4049.76,Yes
1948,Male,20,30,One-Year,48.1,1443.0,No
1949,Female,55,16,Two-Year,66.12,1057.92,No
1950,Male,54,26,Month-to-Month,185.22,4815.72,Yes
1951,Female,48,12,One-Year,168.63,2023.56,Yes
1952,Female,20,47,Month-to-Month,88.68,4167.96,Yes
1953,Female,40,57,One-Year,94.97,5413.29,Yes
1954,Male,65,42,Month-to-Month,187.16,7860.72,No
1955,Male,37,34,Two-Year,77.48,2634.32,Yes
1956,Female,50,45,Two-Year,47.58,2141.1,No
1957,Female,56,37,Month-to-Month,36.21,1339.77,No
1958,Female,43,10,Two-Year,80.51,805.1,No
1959,Male,53,26,One-Year,35.31,918.06,No
1960,Male,26,31,Month-to-Month,55.66,1725.46,No
1961,Male,53,40,Month-to-Month,114.36,4574.4,Yes
1962,Male,35,50,One-Year,78.21,3910.5,Yes
1963,Male,60,27,One-Year,85.75,2315.25,Yes
1964,Female,40,39,Month-to-Month,24.36,950.04,No
1965,Male,40,40,One-Year,132.17,5286.8,No
1966,Male,32,13,Month-to-Month,87.29,1134.77,Yes
1967,Male,65,4,Two-Year,190.81,763.24,Yes
1968,Female,18,22,Month-to-Month,164.77,3624.94,No
1969,Female,48,2,One-Year,57.62,115.24,Yes
1970,Male,52,34,One-Year,118.78,4038.52,Yes
1971,Male,42,38,Month-to-Month,114.82,4363.16,No
1972,Male,21,19,Two-Year,162.05,3078.95,No
1973,Male,47,42,Two-Year,31.99,1343.58,No
1974,Female,24,2,One-Year,176.13,352.26,No
1975,Male,42,33,Month-to-Month,37.93,1251.69,No
1976,Female,56,35,Two-Year,53.56,1874.6,No
1977,Male,20,16,Month-to-Month,74.89,1198.24,No
1978,Female,65,11,Two-Year,82.42,906.62,No
1979,Female,58,20,Two-Year,199.28,3985.6,No
1980,Male,58,17,One-Year,180.27,3064.59,Yes
1981,Female,32,10,One-Year,181.49,1814.9,Yes
1982,Male,64,25,Month-to-Month,192.91,4822.75,Yes
1983,Female,33,37,Two-Year,96.76,3580.12,No
1984,Female,46,35,Two-Year,57.22,2002.7,Yes
1985,Male,26,20,Month-to-Month,146.92,2938.4,Yes
1986,Female,27,42,Month-to-Month,185.08,7773.36,No
1987,Male,53,35,Month-to-Month,41.31,1445.85,No
1988,Male,64,2,One-Year,178.42,356.84,No
1989,Female,37,29,Month-to-Month,188.08,5454.32,No
1990,Male,30,7,Two-Year,53.25,372.75,No
1991,Male,56,15,Two-Year,143.73,2155.95,No
1992,Male,62,50,One-Year,44.14,2207.0,No
1993,Female,29,55,One-Year,108.46,5965.3,Yes
1994,Male,30,15,Two-Year,93.55,1403.25,Yes
1995,Female,44,15,Month-to-Month,140.84,2112.6,Yes
1996,Male,22,12,One-Year,176.08,2112.96,No
1997,Female,47,57,Two-Year,96.96,5526.72,Yes
1998,Female,64,21,One-Year,130.07,2731.47,Yes
1999,Male,46,30,Two-Year,178.0,5340.0,Yes
2000,Female,65,3,Month-to-Month,89.73,269.19,Yes
